City,Street,State,PostalCode,Country,PhoneAreaCode
San Antonio,494-8587 Aliquam St.,Texas,98667,US,718
Grand Island,"2365 Aliquet, Street",Nebraska,30113,US,481
Sacramento,815-7272 Lobortis St.,California,93281,US,221
Lawton,919-9529 Ultrices. Rd.,Oklahoma,18447,US,841
Olympia,Ap #367-7333 Euismod Av.,Washington,80564,US,359
Vancouver,3599 Orci St.,Washington,14749,US,481
Houston,848-4280 Tellus. Ave,Texas,26406,US,816
Salem,"3005 Lorem, Avenue",Oregon,94479,US,273
Little Rock,393-6358 Mollis Rd.,Arkansas,71725,US,317
Baton Rouge,"P.O. Box 588, 2007 Scelerisque Ave",Louisiana,96267,US,758
Salem,Ap #107-621 Cras Street,Oregon,80652,US,782
Wilmington,8670 Posuere St.,Delaware,23347,US,595
Frankfort,Ap #722-9268 Eleifend Street,Kentucky,89549,US,632
Olympia,"P.O. Box 361, 4092 Sagittis Ave",Washington,89738,US,595
Butte,"P.O. Box 355, 1315 Phasellus St.",Montana,98931,US,379
Annapolis,Ap #907-6061 Libero. Street,Maryland,71658,US,746
Helena,"P.O. Box 300, 2060 Malesuada Avenue",Montana,13259,US,567
Jefferson City,1036 Molestie St.,Missouri,78930,US,216
Athens,"P.O. Box 716, 5994 In, St.",Georgia,47056,US,531
Springfield,Ap #700-9506 Mauris St.,Illinois,49110,US,215
Naperville,Ap #749-9073 Nisl. Avenue,Illinois,86679,US,675
Hattiesburg,Ap #156-896 Lobortis Rd.,Mississippi,69887,US,720
Sandy,"1018 Elit, Rd.",Utah,43798,US,378
New Haven,Ap #463-7818 Penatibus St.,Connecticut,23662,US,764
New Orleans,"P.O. Box 184, 2673 Id, Av.",Louisiana,82131,US,729
Baltimore,232-4315 Duis Ave,Maryland,34230,US,614
Gaithersburg,749-1532 Fusce Ave,Maryland,33511,US,356
Philadelphia,9927 Phasellus Ave,Pennsylvania,10075,US,702
Memphis,"P.O. Box 395, 3707 Erat. Road",Tennessee,70739,US,381
Owensboro,7696 Magna. Rd.,Kentucky,14624,US,788
Lowell,"P.O. Box 549, 2793 Ultrices Road",Massachusetts,73040,US,756
Bridgeport,"P.O. Box 881, 5188 Lectus Rd.",Connecticut,96918,US,529
Lakewood,"P.O. Box 782, 5457 Cras St.",Colorado,74465,US,808
West Valley City,299-5243 Accumsan St.,Utah,78733,US,594
Juneau,587-4415 Pretium St.,Alaska,99511,US,313
Tallahassee,"P.O. Box 590, 6822 In Road",Florida,16353,US,392
Jackson,640-1603 Interdum. St.,Mississippi,84270,US,261
Allentown,Ap #220-7554 Ut Av.,Pennsylvania,69794,US,692
Meridian,3894 Scelerisque Av.,Idaho,59820,US,245
Joliet,"P.O. Box 403, 7584 Magnis St.",Illinois,36827,US,203
Green Bay,446-6400 Mus. Av.,Wisconsin,22934,US,609
Jonesboro,5360 Ultricies Street,Arkansas,71789,US,715
Green Bay,"P.O. Box 134, 2448 Morbi Rd.",Wisconsin,68752,US,574
Oklahoma City,Ap #165-3224 Ipsum Rd.,Oklahoma,48339,US,583
Seattle,"1067 Eu, St.",Washington,28649,US,353
Newport News,411-6661 Penatibus Rd.,Virginia,11923,US,737
Los Angeles,"P.O. Box 991, 9910 Nam Rd.",California,91449,US,619
Springfield,929-5533 Sollicitudin Rd.,Missouri,56634,US,522
Duluth,7305 Vulputate Rd.,Minnesota,72700,US,847
New Orleans,7327 Vestibulum Road,Louisiana,81734,US,749
Wyoming,8815 Tellus. St.,Wyoming,73256,US,350
Cambridge,4813 Felis Rd.,Massachusetts,40935,US,546
Bloomington,"P.O. Box 806, 9988 Phasellus Street",Minnesota,30517,US,380
Columbia,785-5892 Velit Av.,Maryland,47576,US,254
Fairbanks,"261-9721 Tempor, St.",Alaska,99755,US,726
Aurora,Ap #119-8529 Sapien. Rd.,Colorado,61182,US,597
Montgomery,957-3579 Eu Avenue,Alabama,35565,US,804
Fayetteville,260-1696 Mauris. St.,Arkansas,71032,US,320
Bear,"P.O. Box 235, 816 Massa. St.",Delaware,60829,US,716
Fresno,"P.O. Box 664, 1348 Eu St.",California,91341,US,465
Chicago,"Ap #546-8584 Quis, Ave",Illinois,93315,US,454
Fort Collins,Ap #215-9151 A St.,Colorado,84644,US,563
Provo,241-8852 Amet Road,Utah,67022,US,388
Los Angeles,532-2212 Lorem St.,California,94159,US,583
Rutland,546-733 Fusce Rd.,Vermont,53133,US,799
Fort Wayne,911-5236 Sit Rd.,Indiana,38261,US,663
Dover,Ap #523-4231 Et Av.,Delaware,31943,US,684
Honolulu,2992 Arcu Ave,Hawaii,64771,US,782
Dover,Ap #866-711 Massa. St.,Delaware,58204,US,638
Tucson,5464 Molestie Rd.,Arizona,86434,US,752
Dover,Ap #578-6170 Enim Avenue,Delaware,11149,US,238
Gary,"P.O. Box 344, 3230 Urna Street",Indiana,15835,US,674
Stamford,"P.O. Box 853, 6390 Lacinia St.",Connecticut,95926,US,520
Rockville,185-3292 Sagittis Rd.,Maryland,10690,US,412
Chicago,"P.O. Box 998, 417 Vel Street",Illinois,58635,US,472
New Haven,2270 Non Avenue,Connecticut,88321,US,251
Gresham,"P.O. Box 544, 1212 Diam Avenue",Oregon,17585,US,650
Fort Wayne,111-7320 Vel St.,Indiana,19613,US,598
Cincinnati,579-5253 Vel St.,Ohio,93945,US,680
Biloxi,"Ap #968-5089 Semper, St.",Mississippi,20683,US,707
Orlando,"P.O. Box 461, 3741 Nam Rd.",Florida,56958,US,647
Georgia,"7346 Montes, Avenue",Georgia,67646,US,792
Overland Park,"P.O. Box 911, 6397 Turpis Avenue",Kansas,61874,US,632
Lafayette,Ap #743-8255 Est. Road,Louisiana,87744,US,317
Kansas City,Ap #174-910 Nibh. Road,Missouri,67967,US,836
Bellevue,Ap #871-9389 Eu Street,Nebraska,69995,US,245
Green Bay,569-7295 Nascetur Rd.,Wisconsin,58930,US,837
West Jordan,559-6464 Risus. Ave,Utah,71693,US,382
Dallas,5929 Ligula. Avenue,Texas,51685,US,408
San Jose,Ap #231-6398 Et Av.,California,91475,US,592
Newark,1915 Enim. Av.,Delaware,71994,US,274
Provo,189-8884 Nulla St.,Utah,39815,US,652
Davenport,Ap #778-8833 Morbi Ave,Iowa,83023,US,462
Hattiesburg,"P.O. Box 420, 5915 Sociis St.",Mississippi,62269,US,498
Fort Smith,732-9304 Tincidunt Street,Arkansas,71210,US,683
Fairbanks,Ap #352-5168 Cursus Rd.,Alaska,99879,US,538
Nashville,9921 Sed Ave,Tennessee,22848,US,353
Olathe,479-2166 In Rd.,Kansas,38227,US,243
Springfield,"P.O. Box 783, 2408 Sociis Road",Missouri,57469,US,763
St. Petersburg,314 Donec Road,Florida,52944,US,589
Wilmington,"P.O. Box 735, 2356 Nulla. Avenue",Delaware,73725,US,685
Mobile,"P.O. Box 254, 8925 Dui. Ave",Alabama,35190,US,346
Virginia Beach,996-8252 Sollicitudin Rd.,Virginia,24314,US,489
Fort Wayne,Ap #618-6427 Orci Street,Indiana,14771,US,814
Juneau,4446 Sed Av.,Alaska,99979,US,626
San Antonio,Ap #927-8583 Nulla. Rd.,Texas,83042,US,396
Casper,705-126 Imperdiet Rd.,Wyoming,76449,US,211
Fort Smith,Ap #316-5331 Molestie Avenue,Arkansas,72344,US,356
Cheyenne,Ap #356-6573 Eu Av.,Wyoming,39791,US,685
Aurora,Ap #747-7753 Class St.,Illinois,14956,US,436
Huntsville,5955 At St.,Alabama,35788,US,563
Nashville,"P.O. Box 770, 2860 Elit, Rd.",Tennessee,85648,US,688
Lincoln,8489 Lectus St.,Nebraska,21045,US,847
Vancouver,7052 Non Ave,Washington,67118,US,593
Des Moines,"P.O. Box 761, 1441 Ac Rd.",Iowa,52392,US,579
Nashville,905-4418 Orci. Road,Tennessee,94886,US,608
Naperville,3402 Mauris Avenue,Illinois,71706,US,407
Sandy,9964 Aliquam Av.,Utah,59037,US,750
South Burlington,"P.O. Box 570, 6379 Auctor Street",Vermont,76383,US,287
Tulsa,"Ap #881-5721 Lorem, St.",Oklahoma,44640,US,630
Iowa City,6716 Ac Av.,Iowa,44513,US,555
Reno,Ap #955-1592 A Ave,Nevada,33561,US,381
Fayetteville,"4606 Aliquet, Av.",Arkansas,71303,US,384
Pittsburgh,102-7181 Eu Street,Pennsylvania,57304,US,648
New Haven,"Ap #907-987 Non, Av.",Connecticut,81282,US,260
Louisville,Ap #273-7775 Etiam St.,Kentucky,82762,US,268
Davenport,"P.O. Box 698, 8163 Duis St.",Iowa,59690,US,555
New Haven,9030 Duis Street,Connecticut,11039,US,501
Knoxville,"Ap #322-1056 Et, Rd.",Tennessee,52165,US,345
Joliet,"P.O. Box 391, 9537 Cubilia Road",Illinois,56045,US,489
New Haven,614-590 Metus Ave,Connecticut,13328,US,218
Essex,"2855 Sapien, Rd.",Vermont,76337,US,555
Toledo,486-8240 Leo. Street,Ohio,81818,US,401
Little Rock,Ap #308-1851 Ac Av.,Arkansas,72667,US,528
Biloxi,"P.O. Box 645, 5090 At, Rd.",Mississippi,61467,US,692
Madison,Ap #739-5258 Suspendisse St.,Wisconsin,63049,US,438
Kapolei,"P.O. Box 979, 1249 Vel Street",Hawaii,72529,US,801
College,3280 Dignissim Avenue,Alaska,99784,US,579
Lowell,407-9540 Faucibus St.,Massachusetts,42733,US,532
Honolulu,"P.O. Box 430, 8069 Lorem Ave",Hawaii,41734,US,256
Fairbanks,894 Non Ave,Alaska,99541,US,350
Kenosha,Ap #245-7870 Pede St.,Wisconsin,62104,US,292
Topeka,"372-3355 Ut, Rd.",Kansas,31091,US,460
Gaithersburg,193-3111 In Av.,Maryland,78864,US,457
Seattle,301-6381 Nibh Street,Washington,70711,US,760
Metairie,499 Non Rd.,Louisiana,20417,US,781
Idaho Falls,"P.O. Box 151, 1424 Per St.",Idaho,77788,US,253
Cheyenne,Ap #434-2971 Varius Road,Wyoming,90698,US,399
Fort Wayne,6407 Arcu. Av.,Indiana,96840,US,274
Wilmington,905-6297 Adipiscing Av.,Delaware,87920,US,667
Gaithersburg,6831 Sagittis Rd.,Maryland,52075,US,215
Springfield,482-9959 Curabitur Ave,Illinois,41585,US,459
Reno,"P.O. Box 919, 5611 Dui, Street",Nevada,65108,US,823
Joliet,5183 Libero Ave,Illinois,85533,US,631
Butte,"256-9813 At, Ave",Montana,31086,US,682
Georgia,"P.O. Box 607, 8391 Cursus Avenue",Georgia,18400,US,678
Atlanta,"P.O. Box 824, 6302 Tellus St.",Georgia,41975,US,545
Grand Rapids,Ap #523-8236 Interdum Rd.,Michigan,10139,US,640
San Francisco,2230 Egestas Av.,California,90227,US,676
Savannah,Ap #193-9310 Interdum. Road,Georgia,40087,US,250
Atlanta,"Ap #891-7729 Lorem, Av.",Georgia,22076,US,822
Sioux City,7876 Pretium Rd.,Iowa,21598,US,312
Missoula,Ap #279-2159 Donec Street,Montana,14501,US,410
Tulsa,Ap #416-8406 Ipsum. Street,Oklahoma,51569,US,264
Lakewood,"P.O. Box 107, 5734 Mattis. Ave",Colorado,74671,US,328
Chandler,129-1462 Justo. St.,Arizona,86329,US,826
Madison,"P.O. Box 312, 6473 Est, St.",Wisconsin,23996,US,512
Salt Lake City,Ap #564-5157 Quisque Rd.,Utah,31685,US,572
Bellevue,"P.O. Box 527, 7340 Ullamcorper St.",Nebraska,82607,US,361
Glendale,756-870 Malesuada Ave,Arizona,85492,US,643
Broken Arrow,507-5874 Vel Road,Oklahoma,24673,US,842
Tampa,363-199 Bibendum Avenue,Florida,12055,US,534
Tucson,"P.O. Box 205, 3129 Sit Rd.",Arizona,86886,US,853
Rochester,"P.O. Box 662, 726 Etiam Road",Minnesota,14861,US,336
Jefferson City,"P.O. Box 893, 3284 Aliquam Street",Missouri,29204,US,675
Fort Worth,Ap #790-9265 Congue St.,Texas,25517,US,591
Detroit,473-7918 Volutpat Road,Michigan,75617,US,717
Bangor,Ap #513-7084 Ac Rd.,Maine,21481,US,814
Laramie,234-8908 Vel Road,Wyoming,69177,US,707
Baton Rouge,200-8771 Amet Av.,Louisiana,25371,US,718
Tampa,4673 Et Rd.,Florida,12266,US,444
Columbia,1807 Ullamcorper Street,Missouri,44828,US,324
Olympia,174-2799 Fermentum Street,Washington,96986,US,466
Pocatello,"P.O. Box 679, 4895 Ultrices Rd.",Idaho,30239,US,658
Indianapolis,"P.O. Box 540, 4629 Eu St.",Indiana,73553,US,649
Jackson,"9535 Ut, Avenue",Mississippi,48178,US,461
Bloomington,"P.O. Box 357, 8302 Pellentesque St.",Minnesota,20416,US,748
North Las Vegas,"P.O. Box 968, 1920 Montes, St.",Nevada,99350,US,464
San Diego,Ap #480-6036 Lorem Ave,California,94828,US,701
Flint,Ap #315-9579 Mauris Av.,Michigan,20874,US,532
Fayetteville,480-6432 Urna Road,Arkansas,71258,US,374
Saint Louis,"P.O. Box 591, 3409 Ac, Street",Missouri,18015,US,800
Columbus,"Ap #121-1023 Felis, Rd.",Ohio,48352,US,793
Kansas City,Ap #506-627 Nam Road,Missouri,71662,US,457
Helena,555 Lectus Rd.,Montana,86073,US,319
Newport News,6267 Sit Avenue,Virginia,14934,US,372
New Orleans,"P.O. Box 671, 9701 Eu, St.",Louisiana,84887,US,617
Allentown,1008 Senectus Av.,Pennsylvania,39322,US,311
Reading,"P.O. Box 192, 180 A, Ave",Pennsylvania,94783,US,209
Richmond,"P.O. Box 923, 9459 Natoque Street",Virginia,61253,US,443
Montgomery,"7318 Non, Avenue",Alabama,35139,US,416
Nampa,9861 Quam St.,Idaho,48140,US,696
West Valley City,"P.O. Box 684, 5819 Sed Rd.",Utah,32869,US,521
Missoula,4671 Sit Street,Montana,79294,US,771
Knoxville,266-3528 Consectetuer Avenue,Tennessee,26149,US,554
Overland Park,769-8235 Tincidunt St.,Kansas,39342,US,305
Austin,104-5418 Metus. Rd.,Texas,89107,US,739
Biloxi,"P.O. Box 170, 7663 Varius. Rd.",Mississippi,90548,US,413
Racine,"P.O. Box 196, 9796 Tristique Street",Wisconsin,88532,US,850
Spokane,"P.O. Box 851, 3797 Felis. St.",Washington,26447,US,230
Wyoming,548 Erat Street,Wyoming,25121,US,333
Hillsboro,"P.O. Box 928, 4245 Dis St.",Oregon,27704,US,746
Bloomington,Ap #723-391 Amet Street,Minnesota,24215,US,591
Idaho Falls,8871 In Street,Idaho,44212,US,212
Tacoma,319-1393 Eros. Ave,Washington,19600,US,715
Phoenix,"P.O. Box 438, 5349 Aliquet. Avenue",Arizona,86453,US,275
Saint Paul,Ap #287-6992 Eget Rd.,Minnesota,74209,US,554
Gresham,"P.O. Box 166, 1715 Vulputate St.",Oregon,60942,US,446
Joliet,6809 Sem. Ave,Illinois,66196,US,662
Minneapolis,Ap #735-7311 Nisi Road,Minnesota,13877,US,649
Cedar Rapids,958 Nullam Avenue,Iowa,72769,US,683
Springfield,102-9172 Proin Rd.,Massachusetts,96096,US,487
Flint,"9263 Sed, Road",Michigan,60371,US,387
Little Rock,Ap #708-7889 Integer Road,Arkansas,72516,US,414
Overland Park,"P.O. Box 774, 601 Erat Av.",Kansas,47873,US,233
Auburn,Ap #577-8153 Nisl. Ave,Maine,66106,US,687
Grand Island,2141 Sagittis. St.,Nebraska,85804,US,289
Gillette,"562 Nec, St.",Wyoming,34331,US,417
Baton Rouge,"P.O. Box 677, 3265 Aliquet St.",Louisiana,18680,US,294
New Orleans,735-3183 Semper Av.,Louisiana,16439,US,847
Fort Collins,Ap #563-9180 At Road,Colorado,70391,US,701
Indianapolis,3386 Luctus Av.,Indiana,49169,US,286
Dallas,Ap #628-8311 Proin Ave,Texas,79212,US,233
Omaha,"P.O. Box 756, 5628 Tellus St.",Nebraska,75880,US,615
New Orleans,613-8431 Lorem Ave,Louisiana,75898,US,413
Kearney,9089 Mollis Avenue,Nebraska,43911,US,806
Norman,Ap #347-6131 Lorem Avenue,Oklahoma,81958,US,587
Henderson,824-6675 Maecenas Av.,Nevada,16739,US,842
Bellevue,218-9827 Ante St.,Nebraska,79266,US,853
Gillette,1266 Magna Rd.,Wyoming,39883,US,284
Bellevue,"P.O. Box 455, 6294 Pellentesque, Ave",Washington,50119,US,641
Fairbanks,"P.O. Box 629, 4058 Hymenaeos. Rd.",Alaska,99863,US,653
Dover,234 Cubilia St.,Delaware,92285,US,367
New Haven,1916 Adipiscing Avenue,Connecticut,32800,US,684
Olympia,Ap #476-9489 Interdum Av.,Washington,35429,US,587
Atlanta,"P.O. Box 791, 6559 Gravida. Rd.",Georgia,25368,US,392
San Jose,"P.O. Box 636, 7879 Aliquet Ave",California,91811,US,477
Boston,"P.O. Box 678, 6436 Lobortis Av.",Massachusetts,50500,US,341
New Orleans,Ap #568-9478 Maecenas Road,Louisiana,98130,US,573
Idaho Falls,Ap #533-1495 Lorem. Avenue,Idaho,41449,US,336
Chesapeake,281-4403 Neque St.,Virginia,23088,US,736
Milwaukee,"696-4876 Ut, Ave",Wisconsin,13125,US,340
Richmond,9140 Sed Road,Virginia,57319,US,650
Springdale,"P.O. Box 967, 5650 Et, Ave",Arkansas,72139,US,751
Chesapeake,3814 Amet Ave,Virginia,67442,US,330
Owensboro,310-9746 Egestas. Av.,Kentucky,11017,US,531
Cleveland,9594 Interdum Avenue,Ohio,25772,US,460
Gaithersburg,9802 Magnis Rd.,Maryland,31932,US,696
Rutland,Ap #453-5075 Ridiculus Street,Vermont,71774,US,474
Fairbanks,"P.O. Box 475, 1325 Ullamcorper St.",Alaska,99864,US,746
Kaneohe,Ap #431-7371 Pellentesque St.,Hawaii,24992,US,334
St. Petersburg,1582 Velit Road,Florida,55696,US,443
Billings,1884 Dis Street,Montana,23854,US,503
Spokane,422-9120 Tellus Ave,Washington,13646,US,341
Anchorage,393-8373 Eros St.,Alaska,99943,US,661
Topeka,5714 Ipsum St.,Kansas,99214,US,359
Oklahoma City,8631 Etiam Ave,Oklahoma,26772,US,228
Wyoming,"P.O. Box 136, 2014 Nec Av.",Wyoming,88638,US,581
Detroit,"P.O. Box 472, 9663 Neque Rd.",Michigan,74843,US,674
Rochester,626-3291 Interdum Av.,Minnesota,14858,US,220
Worcester,407-5738 Adipiscing. Ave,Massachusetts,78937,US,454
Allentown,3180 Nonummy Ave,Pennsylvania,10324,US,840
Rockville,"P.O. Box 638, 9614 Posuere, Ave",Maryland,97036,US,834
Rockville,Ap #954-4701 Sed Street,Maryland,81994,US,631
West Valley City,759-7532 Nulla Street,Utah,91216,US,311
Colchester,"P.O. Box 483, 856 Urna, Street",Vermont,98032,US,480
Tucson,"P.O. Box 671, 6436 Mi Street",Arizona,86470,US,534
Glendale,6591 Vitae Rd.,Arizona,86267,US,333
Provo,957-466 Pede Av.,Utah,31814,US,481
Southaven,Ap #997-6501 Tortor. Street,Mississippi,76918,US,535
Gary,432-2378 Orci. Rd.,Indiana,56204,US,231
Racine,3246 Dictum Avenue,Wisconsin,35236,US,219
Fort Wayne,"P.O. Box 501, 5279 Dolor St.",Indiana,13829,US,484
Fairbanks,971-1630 Tristique St.,Alaska,99972,US,755
Gary,"P.O. Box 571, 2127 Egestas. Av.",Indiana,29204,US,480
Baton Rouge,7803 Mauris St.,Louisiana,86721,US,330
Evansville,4749 Ultrices. Street,Indiana,40405,US,597
Tacoma,Ap #103-2471 Ornare Avenue,Washington,49736,US,510
Juneau,7715 Praesent Avenue,Alaska,99701,US,456
New Haven,7737 Nec Rd.,Connecticut,37474,US,592
Fresno,"P.O. Box 869, 3860 Aliquam Av.",California,94627,US,357
Harrisburg,725-2067 Nulla Rd.,Pennsylvania,10753,US,356
Eugene,"P.O. Box 602, 842 Risus. St.",Oregon,99987,US,618
Tacoma,"P.O. Box 743, 109 Mauris Avenue",Washington,66828,US,485
Richmond,Ap #961-8928 Maecenas Rd.,Virginia,63159,US,763
Lafayette,558-7928 Vitae Rd.,Louisiana,20465,US,589
Newark,510-5429 Sed St.,Delaware,65403,US,388
Great Falls,9399 Sed St.,Montana,29247,US,448
Oklahoma City,549-1975 Pede. Avenue,Oklahoma,39599,US,214
Honolulu,Ap #394-668 Sit St.,Hawaii,81850,US,607
Nampa,"P.O. Box 673, 813 Enim. Av.",Idaho,54153,US,568
Fayetteville,"1445 Lorem, Ave",Arkansas,72410,US,847
Fresno,"P.O. Box 533, 9161 Velit Ave",California,93164,US,738
Gresham,198-1745 Libero. St.,Oregon,48126,US,666
Rochester,2445 Et Avenue,Minnesota,11092,US,359
Lincoln,9192 Sed Avenue,Nebraska,41613,US,570
New Haven,"P.O. Box 912, 4893 Non, Rd.",Connecticut,81050,US,669
Newport News,3699 Duis St.,Virginia,29080,US,723
Wyoming,"1597 Consequat, Rd.",Wyoming,89428,US,485
Frankfort,"P.O. Box 484, 6048 Erat, Rd.",Kentucky,73877,US,337
Baton Rouge,844-1524 Turpis St.,Louisiana,63449,US,415
Orlando,430-827 Cursus St.,Florida,26288,US,632
Racine,"P.O. Box 365, 6361 Sapien, Rd.",Wisconsin,99718,US,357
Little Rock,2081 Etiam Avenue,Arkansas,72423,US,715
Toledo,Ap #318-9201 Ornare Av.,Ohio,37771,US,581
St. Petersburg,Ap #469-2337 Turpis. Rd.,Florida,97873,US,415
Metairie,"Ap #282-4334 Placerat, St.",Louisiana,74936,US,261
Joliet,"P.O. Box 473, 559 Nulla. Rd.",Illinois,89128,US,296
Norfolk,1835 Sit Road,Virginia,93682,US,814
Harrisburg,"P.O. Box 382, 1674 Nunc St.",Pennsylvania,40667,US,780
Laramie,"503-831 Ornare, Rd.",Wyoming,78103,US,578
Rockford,"P.O. Box 838, 6464 Vivamus St.",Illinois,59840,US,455
Cincinnati,337-715 Hendrerit Ave,Ohio,99935,US,688
Miami,Ap #681-7846 Mollis. Rd.,Florida,13175,US,432
Minneapolis,Ap #633-1886 Imperdiet Street,Minnesota,26107,US,372
Springfield,"P.O. Box 908, 7625 Feugiat Street",Massachusetts,13237,US,529
Columbus,Ap #808-4140 Euismod Av.,Ohio,18454,US,690
Cedar Rapids,7894 Enim. Rd.,Iowa,24060,US,586
Billings,"P.O. Box 913, 5785 Vel Street",Montana,53039,US,292
Carson City,291-8634 Aliquam Street,Nevada,55766,US,367
Pocatello,6815 Phasellus Ave,Idaho,55168,US,746
Gillette,3385 Egestas St.,Wyoming,42860,US,610
Fort Smith,Ap #637-2669 Duis Rd.,Arkansas,72220,US,786
Idaho Falls,"Ap #395-1647 Lobortis, Avenue",Idaho,58202,US,264
Springdale,"P.O. Box 469, 8837 Libero Road",Arkansas,72546,US,762
Juneau,636-7059 Adipiscing St.,Alaska,99749,US,668
North Las Vegas,"P.O. Box 306, 512 Sed Av.",Nevada,34494,US,648
Reading,182-9324 Facilisis St.,Pennsylvania,91519,US,491
Columbus,"P.O. Box 189, 7661 Tincidunt Rd.",Georgia,26439,US,272
Laramie,Ap #694-5097 Ridiculus St.,Wyoming,55044,US,456
Knoxville,"P.O. Box 399, 5757 Varius. St.",Tennessee,31158,US,420
Lowell,8971 Velit Ave,Massachusetts,70922,US,734
Iowa City,"200-7874 Sed, Rd.",Iowa,36483,US,705
Mobile,586-2621 Purus Street,Alabama,36449,US,646
Kansas City,"P.O. Box 453, 1674 Vel St.",Kansas,99291,US,491
New Orleans,"P.O. Box 155, 987 Nonummy Road",Louisiana,77870,US,705
Provo,496-4683 Integer Street,Utah,49691,US,602
Burlington,Ap #283-5859 Ligula. Road,Vermont,15627,US,433
Racine,"5661 Eu, St.",Wisconsin,13310,US,711
Chicago,971-2633 Quis Rd.,Illinois,68768,US,558
Wyoming,"Ap #964-1498 Aliquet, St.",Wyoming,42540,US,837
Chicago,185-8843 Ut Road,Illinois,59113,US,615
Columbus,"153-6981 Placerat, St.",Ohio,95461,US,347
Philadelphia,Ap #752-5115 Lectus Rd.,Pennsylvania,28744,US,394
Duluth,"P.O. Box 774, 1154 Lorem, Street",Minnesota,92204,US,663
Dallas,"P.O. Box 492, 2435 Ornare. Rd.",Texas,63470,US,592
Rockford,301-5355 Sem. St.,Illinois,46814,US,319
Rockford,"P.O. Box 317, 3033 Curabitur Av.",Illinois,82715,US,371
Naperville,6256 Ornare. Road,Illinois,99356,US,831
Oklahoma City,"577-4617 Eu, Road",Oklahoma,80285,US,256
Cleveland,"P.O. Box 267, 1555 Lacinia. Av.",Ohio,59825,US,378
Dover,Ap #770-1389 Aliquam Avenue,Delaware,25891,US,680
South Burlington,Ap #908-8981 Phasellus Ave,Vermont,44822,US,231
Austin,"P.O. Box 444, 1034 Vel, Avenue",Texas,51445,US,286
Philadelphia,Ap #794-8729 Duis St.,Pennsylvania,52590,US,623
Fort Wayne,"P.O. Box 231, 1128 Molestie Road",Indiana,42709,US,242
Bowling Green,707-8668 Diam. Av.,Kentucky,61318,US,219
Saint Louis,"P.O. Box 642, 4148 Lorem St.",Missouri,70957,US,778
Omaha,Ap #384-451 Phasellus Rd.,Nebraska,45416,US,572
Hilo,Ap #755-5571 Turpis. Rd.,Hawaii,68247,US,260
Kaneohe,"P.O. Box 287, 1322 Risus Avenue",Hawaii,90620,US,730
Burlington,Ap #571-1190 Neque. Road,Vermont,65725,US,304
Newport News,2123 Mi Ave,Virginia,57772,US,825
Phoenix,"269-2539 Sem, Street",Arizona,85605,US,604
Olathe,6022 Netus St.,Kansas,31530,US,636
Grand Island,620-7892 Adipiscing Rd.,Nebraska,95008,US,769
Detroit,Ap #863-2543 At Av.,Michigan,17638,US,240
Springdale,737-5708 Egestas Rd.,Arkansas,71829,US,792
Helena,412-1072 Arcu. Av.,Montana,69551,US,762
Ketchikan,2161 Phasellus Ave,Alaska,99823,US,203
Jackson,7347 Varius Ave,Mississippi,79450,US,523
Akron,Ap #505-8904 Aliquet St.,Ohio,13157,US,473
Independence,Ap #104-272 Suspendisse St.,Missouri,57724,US,594
Saint Paul,"P.O. Box 997, 9610 Aliquam St.",Minnesota,41442,US,690
New Haven,1908 Morbi Rd.,Connecticut,65444,US,759
Biloxi,380-1401 Iaculis Ave,Mississippi,25382,US,582
Philadelphia,"Ap #969-6256 Sed, Road",Pennsylvania,66296,US,652
Casper,2803 Elit. Rd.,Wyoming,30445,US,404
Gaithersburg,Ap #550-7616 Vivamus Ave,Maryland,53848,US,655
Pocatello,"P.O. Box 849, 9129 Erat Rd.",Idaho,81051,US,787
Owensboro,Ap #471-5266 Magna Street,Kentucky,97990,US,479
Gaithersburg,312-1326 Proin Road,Maryland,32789,US,534
Pike Creek,936-6859 Lacus. Rd.,Delaware,70731,US,348
Paradise,309-984 Aliquam Road,Nevada,76301,US,382
Anchorage,Ap #374-2300 Nec Avenue,Alaska,99605,US,224
Lafayette,701-9795 Lacus Rd.,Louisiana,90948,US,671
Philadelphia,2939 Mauris Av.,Pennsylvania,33101,US,667
Wyoming,430-9569 Eu Street,Wyoming,76903,US,294
Chandler,"P.O. Box 714, 7580 Nec Rd.",Arizona,85504,US,569
Iowa City,"627-2293 Amet, Rd.",Iowa,48433,US,329
Oklahoma City,842 Egestas Rd.,Oklahoma,86358,US,576
Madison,9018 Eu St.,Wisconsin,89389,US,335
Rock Springs,4265 Velit. Road,Wyoming,51264,US,381
Lansing,"P.O. Box 335, 9584 Lobortis Ave",Michigan,13186,US,650
Shreveport,"P.O. Box 790, 2492 Cras Rd.",Louisiana,46377,US,730
Bellevue,Ap #802-2685 Sit Rd.,Nebraska,74829,US,254
Dallas,672-9505 Et Street,Texas,47300,US,818
Phoenix,"P.O. Box 414, 3473 Dictum Road",Arizona,85275,US,476
Miami,6094 Ipsum. Rd.,Florida,22160,US,562
South Bend,Ap #316-7978 Ultrices. St.,Indiana,86862,US,241
Philadelphia,6287 At Av.,Pennsylvania,93566,US,642
Gaithersburg,Ap #206-7967 Sit Rd.,Maryland,69758,US,507
Flint,3505 Sagittis. St.,Michigan,59304,US,363
Chicago,"P.O. Box 756, 4609 Dignissim Ave",Illinois,66109,US,347
Chattanooga,"154-9598 Enim, St.",Tennessee,59105,US,635
Columbia,118-7266 Massa. Av.,Maryland,31746,US,253
Dover,4172 Mattis. St.,Delaware,54802,US,401
Baltimore,"851-319 Aliquet, Street",Maryland,21284,US,473
Philadelphia,7920 Eget Road,Pennsylvania,88813,US,425
Olathe,"7783 Nec, St.",Kansas,64071,US,669
Columbus,"P.O. Box 110, 1108 Justo. Road",Georgia,69748,US,823
Topeka,"P.O. Box 781, 6036 Integer Street",Kansas,58594,US,393
Minneapolis,1031 Fringilla. Rd.,Minnesota,72548,US,630
Cleveland,"P.O. Box 921, 2843 Gravida Ave",Ohio,67822,US,318
Auburn,"5105 Est, Ave",Maine,81991,US,611
Orlando,Ap #773-6345 Et Avenue,Florida,32944,US,344
Boise,Ap #261-3160 Vel Av.,Idaho,31897,US,300
Metairie,Ap #277-1125 Risus Av.,Louisiana,98156,US,772
Kailua,"P.O. Box 714, 6573 Habitant St.",Hawaii,82793,US,650
Southaven,"P.O. Box 507, 8669 Congue Av.",Mississippi,29710,US,354
Southaven,598-7922 Scelerisque Ave,Mississippi,24690,US,475
Fayetteville,1477 Porttitor Road,Arkansas,71641,US,772
Little Rock,"P.O. Box 800, 1213 Cursus Street",Arkansas,72420,US,266
Frederick,5271 Erat Avenue,Maryland,21445,US,331
Gresham,"P.O. Box 121, 3908 Faucibus Street",Oregon,93767,US,220
Austin,"2412 Pede, Street",Texas,30441,US,465
Olathe,"P.O. Box 164, 4432 Aliquam Rd.",Kansas,24561,US,646
Aurora,Ap #726-1529 Dolor Rd.,Illinois,86056,US,356
Lawton,"7748 Lorem, Av.",Oklahoma,17561,US,680
Seattle,Ap #278-5449 Lectus St.,Washington,45834,US,746
Richmond,Ap #553-1171 Cras Rd.,Virginia,87365,US,352
Little Rock,"Ap #747-4910 Id, Av.",Arkansas,71132,US,746
Fort Collins,"P.O. Box 206, 8792 Nisl Avenue",Colorado,17384,US,261
Kapolei,"P.O. Box 345, 719 Odio Rd.",Hawaii,54398,US,552
Metairie,"P.O. Box 609, 8896 Auctor Street",Louisiana,84792,US,209
Lafayette,Ap #363-6505 Erat St.,Louisiana,73796,US,365
Tampa,613-6541 Suspendisse Street,Florida,10954,US,834
Fort Worth,176-9223 Adipiscing. Avenue,Texas,57518,US,564
South Portland,428-3978 Non Av.,Maine,97456,US,552
Tuscaloosa,5984 Ac St.,Alabama,35391,US,775
West Jordan,9400 Nec St.,Utah,83842,US,445
Henderson,"P.O. Box 736, 8978 Fringilla St.",Nevada,73934,US,546
Burlington,6697 Metus. St.,Vermont,84012,US,498
New Haven,"P.O. Box 810, 2132 Lacinia St.",Connecticut,40204,US,249
Davenport,"P.O. Box 179, 9602 Morbi Road",Iowa,90266,US,792
Columbus,8405 Lacus. Street,Ohio,50871,US,755
Tulsa,"P.O. Box 779, 7186 Lorem Rd.",Oklahoma,93925,US,492
Columbia,Ap #460-5667 Accumsan Av.,Missouri,69538,US,474
Tampa,770-2989 Elit. Road,Florida,45491,US,696
Aurora,960-3182 Est Rd.,Illinois,53764,US,216
Kenosha,"P.O. Box 475, 2877 Eu Av.",Wisconsin,88127,US,309
Casper,808-483 Donec Rd.,Wyoming,42491,US,288
New Haven,"Ap #735-4697 Eget, Rd.",Connecticut,78948,US,612
Milwaukee,"2506 Mauris, Road",Wisconsin,66207,US,351
Portland,Ap #989-9833 Libero. Road,Maine,50666,US,741
Kailua,Ap #380-5807 Aliquam Ave,Hawaii,14176,US,293
Grand Island,659-1560 Blandit Rd.,Nebraska,32624,US,433
Minneapolis,"P.O. Box 524, 477 Sagittis. Avenue",Minnesota,82645,US,798
Hilo,4809 Ante. Avenue,Hawaii,95772,US,518
Grand Rapids,Ap #622-8260 Integer Avenue,Michigan,75606,US,482
Dover,"P.O. Box 274, 4454 Enim Rd.",Delaware,18530,US,351
Nampa,Ap #528-5167 Sem. Avenue,Idaho,25264,US,557
Meridian,5695 Proin Avenue,Idaho,80819,US,595
Chesapeake,"186-8505 Tincidunt, Avenue",Virginia,21597,US,770
Reno,527-1016 Vulputate St.,Nevada,20311,US,628
Pike Creek,640-5039 Cursus St.,Delaware,29002,US,850
San Antonio,894-5351 Nullam St.,Texas,33990,US,303
Portland,150-1497 Nam Ave,Oregon,60545,US,541
Helena,"P.O. Box 561, 6143 Orci Ave",Montana,62766,US,790
Des Moines,9921 Urna Street,Iowa,59520,US,293
Sacramento,Ap #121-8532 Porttitor Av.,California,95078,US,215
Akron,161-2825 Aliquam Rd.,Ohio,99097,US,312
Ketchikan,Ap #282-3568 Felis St.,Alaska,99984,US,522
South Portland,2870 Tincidunt Rd.,Maine,19189,US,848
Kearney,Ap #123-3766 Orci Rd.,Nebraska,85697,US,785
Orlando,687-4965 Convallis Avenue,Florida,55362,US,763
Racine,178-5445 Sem St.,Wisconsin,67517,US,419
Omaha,"P.O. Box 761, 4401 Nam Road",Nebraska,25193,US,323
Colchester,9138 Lectus Rd.,Vermont,34630,US,550
Pittsburgh,750-5531 Eget Rd.,Pennsylvania,51704,US,661
Frederick,Ap #369-4304 Suspendisse Rd.,Maryland,70597,US,244
Anchorage,Ap #573-4487 Dignissim Ave,Alaska,99739,US,360
Naperville,"P.O. Box 916, 7455 Pellentesque Avenue",Illinois,38630,US,560
Biloxi,"P.O. Box 985, 7532 Suspendisse Rd.",Mississippi,34950,US,358
Indianapolis,634-470 Sem. Ave,Indiana,60512,US,314
Minneapolis,428-3578 Ridiculus Rd.,Minnesota,58740,US,422
Savannah,Ap #227-7738 Magna. St.,Georgia,35013,US,417
Stamford,"P.O. Box 668, 2501 Phasellus St.",Connecticut,65517,US,590
Newark,662-7143 Semper Avenue,Delaware,66465,US,735
Newport News,7278 Id Av.,Virginia,17969,US,591
